{"cameraMode":{"drawMode":0,"name":"Shaded","section":"Shading Mode"},"sceneLighting":true,"audioPlay":false,"sceneViewState":{"m_AlwaysRefresh":false,"showFog":true,"showSkybox":true,"showFlares":true,"showImageEffects":true,"showParticleSystems":true,"showVisualEffectGraphs":true,"m_FxEnabled":true},"in2DMode":false,"pivot":{"x":31.155040740966798,"y":0.20495718717575074,"z":-15.25027084350586},"rotation":{"x":-0.12118930369615555,"y":0.7044912576675415,"z":-0.12405858188867569,"w":-0.6881970763206482},"size":12.12435531616211,"orthographic":false}